{
    "mean": [
        597.3610217699038,
        1467.035652754133,
        1260.95643431301,
        359.7299676351187,
        8677.553696019555,
        44.21204940165504,
        338.789820590051,
        2349.64524298605,
        8088.950972443079,
        9.054746851751384,
        360.6988008156698,
        25.942708547696107
    ],
    "scale": [
        42.478384020167,
        118.17489208470438,
        136.29964778587342,
        174.13329206267332,
        374.65628543472064,
        3.4263314993194807,
        164.1929684802008,
        111.16689568358105,
        80.62300562534129,
        0.751578683455003,
        31.021333393060768,
        11.691385438756539
    ],
    "channels": [
        "s2",
        "s3",
        "s4",
        "s7",
        "s9",
        "s11",
        "s12",
        "s13",
        "s14",
        "s15",
        "s17",
        "s20"
    ]
}